line,0,end
line,1,end
line,2,end
line,3,end
line,4,end
line,5,end
line,6,end
line,7,end
line,8,end
line,9,end
line,10,end
line,11,end
line,12,end
line,13,end
line,14,end
line,15,end
line,16,end
line,17,end
line,18,end
line,19,end
line,20,end
line,21,end
line,22,end
line,23,end
line,24,end
line,25,end
line,26,end
line,27,end
line,28,end
line,29,end
line,30,end
line,31,end
line,32,end
line,33,end
line,34,end
line,35,end
line,36,end
line,37,end
line,38,end
line,39,end
line,40,end
line,41,end
line,42,end
line,43,end
line,44,end
line,45,end
line,46,end
line,47,end
line,48,end
line,49,end
line,50,end
line,51,end
line,52,end
line,53,end
line,54,end
line,55,end
line,56,end
line,57,end
line,58,end
line,59,end
line,60,end
line,61,end
line,62,end
line,63,end
line,64,end
line,65,end
line,66,end
line,67,end
line,68,end
line,69,end
line,70,end
line,71,end
line,72,end
line,73,end
line,74,end
line,75,end
line,76,end
line,77,end
line,78,end
line,79,end
line,80,end
line,81,end
line,82,end
line,83,end
line,84,end
line,85,end
line,86,end
line,87,end
line,88,end
line,89,end
line,90,end
line,91,end
line,92,end
line,93,end
line,94,end
line,95,end
line,96,end
line,97,end
line,98,end
line,99,end
